"","state_icpsr","district","nominate_dim1","nominate_dim2","party_code","statefp","st_name","state_abbrev","eff_gap","nom","nom_std","nom_1_std","nom_2_std","repub","dem","cbsa_name","cbsa_code","within_state","counter","nom_st"
"1",61,1,-0.161,0.005,100,4,"Arizona","AZ","None",-0.1589209365,-0.49034828074292,-0.34385994083583,0.0382684320862654,FALSE,TRUE,"Phoenix",38060,1,1,0.038
"2",61,3,-0.598,-0.245,100,4,"Arizona","AZ","None",-0.6998741115,-1.60500158177587,-0.78085994083583,-0.211731567913735,FALSE,TRUE,"Phoenix",38060,1,1,0.038
"3",61,4,0.611,-0.324,200,4,"Arizona","AZ","None",0.4762766852,0.818499062349542,0.42814005916417,-0.290731567913735,TRUE,FALSE,"Phoenix",38060,1,1,0.038
"4",61,5,0.673,-0.272,200,4,"Arizona","AZ","None",0.5598989456,0.990805710877294,0.49014005916417,-0.238731567913735,TRUE,FALSE,"Phoenix",38060,1,1,0.038
"5",61,6,0.631,-0.328,200,4,"Arizona","AZ","None",0.4946134344,0.856282587746159,0.44814005916417,-0.294731567913735,TRUE,FALSE,"Phoenix",38060,1,1,0.038
"6",61,7,-0.421,0.12,100,4,"Arizona","AZ","None",-0.371102476,-0.927555906748494,-0.60385994083583,0.153268432086265,FALSE,TRUE,"Phoenix",38060,1,1,0.038
"7",61,8,0.749,0.087,200,4,"Arizona","AZ","None",0.7851757049,1.45499650410029,0.56614005916417,0.120268432086265,TRUE,FALSE,"Phoenix",38060,1,1,0.038
"8",61,9,-0.109,0.05,100,4,"Arizona","AZ","None",-0.088209365,-0.34464456693497,-0.29185994083583,0.0832684320862654,FALSE,TRUE,"Phoenix",38060,1,1,0.038
"9",71,1,0.559,0.075,200,6,"California","CA","None",0.5901859525,1.05321316826858,0.37614005916417,0.108268432086265,TRUE,FALSE,"Sacramento",40900,1,1,-0.587
"10",71,2,-0.433,-0.501,100,6,"California","CA","None",-0.6413221627,-1.48435320400855,-0.615859940835831,-0.467731567913735,FALSE,TRUE,"San Francisco",41860,1,1,-0.587
"11",71,3,-0.313,-0.099,100,6,"California","CA","None",-0.3541654573,-0.89265657594484,-0.49585994083583,-0.0657315679137346,FALSE,TRUE,"Sacramento",40900,1,1,-0.587
"12",71,4,0.745,-0.521,200,6,"California","CA","None",0.5283615833,0.925821851611532,0.56214005916417,-0.487731567913735,TRUE,FALSE,"Sacramento",40900,1,1,-0.587
"13",71,5,-0.395,0.064,100,6,"California","CA","None",-0.3683879872,-0.921962605809763,-0.57785994083583,0.0972684320862654,FALSE,TRUE,"San Francisco",41860,1,1,-0.587
"14",71,6,-0.434,-0.173,100,6,"California","CA","None",-0.5059355971,-1.20538435931778,-0.61685994083583,-0.139731567913735,FALSE,TRUE,"Sacramento",40900,1,1,-0.587
"15",71,7,-0.226,-0.007,100,6,"California","CA","None",-0.2289106889,-0.634564660563852,-0.40885994083583,0.0262684320862654,FALSE,TRUE,"Sacramento",40900,1,1,-0.587
"16",71,8,0.383,0.198,200,6,"California","CA","None",0.4653309146,0.795944911832467,0.20014005916417,0.231268432086265,TRUE,FALSE,"Riverside",40140,1,1,-0.587
"17",71,9,-0.259,-0.137,100,6,"California","CA","None",-0.3159663399,-0.813945932816708,-0.44185994083583,-0.103731567913735,FALSE,TRUE,"Sacramento",40900,1,1,-0.587
"18",71,9,-0.259,-0.137,100,6,"California","CA","None",-0.3159663399,-0.813945932816708,-0.44185994083583,-0.103731567913735,FALSE,TRUE,"San Francisco",41860,1,1,-0.587
"19",71,11,-0.552,-0.398,100,6,"California","CA","None",-0.7174934546,-1.64130686632928,-0.734859940835831,-0.364731567913735,FALSE,TRUE,"San Francisco",41860,1,1,-0.587
"20",71,12,-0.491,-0.206,100,6,"California","CA","None",-0.5766574162,-1.35110918867083,-0.67385994083583,-0.172731567913735,FALSE,TRUE,"San Francisco",41860,1,1,-0.587
"21",71,13,-0.686,-0.616,100,6,"California","CA","None",-0.9421406232,-2.10420036547122,-0.868859940835831,-0.582731567913735,FALSE,TRUE,"San Francisco",41860,1,1,-0.587
"22",71,14,-0.383,-0.455,100,6,"California","CA","None",-0.5721947785,-1.34191376460549,-0.56585994083583,-0.421731567913735,FALSE,TRUE,"San Francisco",41860,1,1,-0.587
"23",71,15,-0.362,-0.098,100,6,"California","CA","None",-0.4027496446,-0.99276602580979,-0.54485994083583,-0.0647315679137346,FALSE,TRUE,"San Francisco",41860,1,1,-0.587
"24",71,17,-0.529,-0.482,100,6,"California","CA","None",-0.7294217214,-1.66588548529056,-0.71185994083583,-0.448731567913735,FALSE,TRUE,"San Francisco",41860,1,1,-0.587
"25",71,17,-0.529,-0.482,100,6,"California","CA","None",-0.7294217214,-1.66588548529056,-0.71185994083583,-0.448731567913735,FALSE,TRUE,"San Jose",41940,1,1,-0.587
"26",71,18,-0.382,-0.428,100,6,"California","CA","None",-0.5599678356,-1.31671971289292,-0.56485994083583,-0.394731567913735,FALSE,TRUE,"San Francisco",41860,1,1,-0.587
"27",71,18,-0.382,-0.428,100,6,"California","CA","None",-0.5599678356,-1.31671971289292,-0.56485994083583,-0.394731567913735,FALSE,TRUE,"San Jose",41940,1,1,-0.587
"28",71,19,-0.402,-0.446,100,6,"California","CA","None",-0.5874524642,-1.37335276989764,-0.58485994083583,-0.412731567913735,FALSE,TRUE,"San Jose",41940,1,1,-0.587
"29",71,20,-0.455,-0.219,100,6,"California","CA","None",-0.5460629813,-1.28806826492633,-0.637859940835831,-0.185731567913735,FALSE,TRUE,"San Jose",41940,1,1,-0.587
"30",71,23,0.462,0.194,200,6,"California","CA","None",0.5426676638,0.955300040466174,0.27914005916417,0.227268432086265,TRUE,FALSE,"Los Angeles",31080,1,1,-0.587
"31",71,25,0.396,0.208,200,6,"California","CA","None",0.4824890416,0.831299844170359,0.21314005916417,0.241268432086265,TRUE,FALSE,"Los Angeles",31080,1,1,-0.587
"32",71,26,-0.283,0.048,100,6,"California","CA","None",-0.2630409904,-0.704891363484533,-0.46585994083583,0.0812684320862654,FALSE,TRUE,"Los Angeles",31080,1,1,-0.587
"33",71,27,-0.489,-0.357,100,6,"California","CA","None",-0.6374451339,-1.47636444795749,-0.67185994083583,-0.323731567913735,FALSE,TRUE,"Los Angeles",31080,1,1,-0.587
"34",71,27,-0.489,-0.357,100,6,"California","CA","None",-0.6374451339,-1.47636444795749,-0.67185994083583,-0.323731567913735,FALSE,TRUE,"Riverside",40140,1,1,-0.587
"35",71,28,-0.347,-0.128,100,6,"California","CA","None",-0.4002240256,-0.987561897826806,-0.52985994083583,-0.0947315679137346,FALSE,TRUE,"Los Angeles",31080,1,1,-0.587
"36",71,29,-0.377,0.012,100,6,"California","CA","None",-0.3720102476,-0.929426402490614,-0.55985994083583,0.0452684320862654,FALSE,TRUE,"Los Angeles",31080,1,1,-0.587
"37",71,30,-0.342,-0.148,100,6,"California","CA","None",-0.4035402796,-0.994395157411915,-0.524859940835831,-0.114731567913735,FALSE,TRUE,"Los Angeles",31080,1,1,-0.587
"38",71,31,0.478,0.222,200,6,"California","CA","None",0.5703104194,1.01225892379131,0.29514005916417,0.255268432086265,TRUE,FALSE,"Riverside",40140,1,1,-0.587
"39",71,32,-0.447,-0.242,100,6,"California","CA","None",-0.5476266734,-1.29129030824101,-0.629859940835831,-0.208731567913735,FALSE,TRUE,"Los Angeles",31080,1,1,-0.587
"40",71,33,-0.473,-0.343,100,6,"California","CA","None",-0.6156237561,-1.43140072111023,-0.65585994083583,-0.309731567913735,FALSE,TRUE,"Los Angeles",31080,1,1,-0.587
"41",71,34,-0.512,-0.283,100,6,"California","CA","None",-0.6296749941,-1.46035379790897,-0.69485994083583,-0.249731567913735,FALSE,TRUE,"Los Angeles",31080,1,1,-0.587
"42",71,35,-0.437,0.035,100,6,"California","CA","None",-0.4224465555,-1.03335221287642,-0.619859940835831,0.0682684320862654,FALSE,TRUE,"Los Angeles",31080,1,1,-0.587
"43",71,35,-0.437,0.035,100,6,"California","CA","None",-0.4224465555,-1.03335221287642,-0.619859940835831,0.0682684320862654,FALSE,TRUE,"Riverside",40140,1,1,-0.587
"44",71,36,-0.235,0.063,100,6,"California","CA","None",-0.2088037999,-0.593133699007238,-0.41785994083583,0.0962684320862654,FALSE,TRUE,"Riverside",40140,1,1,-0.587
"45",71,37,-0.576,-0.11,100,6,"California","CA","None",-0.621739397,-1.44400221719557,-0.75885994083583,-0.0767315679137346,FALSE,TRUE,"Los Angeles",31080,1,1,-0.587
"46",71,38,-0.506,-0.153,100,6,"California","CA","None",-0.5696193431,-1.33660698815445,-0.68885994083583,-0.119731567913735,FALSE,TRUE,"Los Angeles",31080,1,1,-0.587
"47",71,39,0.662,-0.368,200,6,"California","CA","None",0.5089809264,0.885887317185753,0.47914005916417,-0.334731567913735,TRUE,FALSE,"Los Angeles",31080,1,1,-0.587
"48",71,39,0.662,-0.368,200,6,"California","CA","None",0.5089809264,0.885887317185753,0.47914005916417,-0.334731567913735,TRUE,FALSE,"Riverside",40140,1,1,-0.587
"49",71,40,-0.47,-0.199,100,6,"California","CA","None",-0.5527467273,-1.30184036182208,-0.65285994083583,-0.165731567913735,FALSE,TRUE,"Los Angeles",31080,1,1,-0.587
"50",71,41,-0.471,-0.223,100,6,"California","CA","None",-0.5637262321,-1.32446402286082,-0.65385994083583,-0.189731567913735,FALSE,TRUE,"Riverside",40140,1,1,-0.587
"51",71,42,0.348,0.2,200,6,"California","CA","None",0.43116254,0.725539757932002,0.16514005916417,0.233268432086265,TRUE,FALSE,"Riverside",40140,1,1,-0.587
"52",71,43,-0.657,-0.089,100,6,"California","CA","None",-0.6940073303,-1.59291286997374,-0.83985994083583,-0.0557315679137346,FALSE,TRUE,"Los Angeles",31080,1,1,-0.587
"53",71,44,-0.39,-0.376,100,6,"California","CA","None",-0.5463455752,-1.28865055973121,-0.57285994083583,-0.342731567913735,FALSE,TRUE,"Los Angeles",31080,1,1,-0.587
"54",71,45,0.748,-0.415,200,6,"California","CA","None",0.5754377295,1.02282392903115,0.56514005916417,-0.381731567913735,TRUE,FALSE,"Los Angeles",31080,1,1,-0.587
"55",71,46,-0.367,0.025,100,6,"California","CA","None",-0.3566046825,-0.897682686423151,-0.54985994083583,0.0582684320862654,FALSE,TRUE,"Los Angeles",31080,1,1,-0.587
"56",71,47,-0.443,-0.349,100,6,"California","CA","None",-0.5881186323,-1.3747254330153,-0.625859940835831,-0.315731567913735,FALSE,TRUE,"Los Angeles",31080,1,1,-0.587
"57",71,48,0.627,-0.404,200,6,"California","CA","None",0.4590116692,0.782923881416762,0.44414005916417,-0.370731567913735,TRUE,FALSE,"Los Angeles",31080,1,1,-0.587
"58",71,49,0.505,-0.08,200,6,"California","CA","None",0.471734984,0.809140725123986,0.32214005916417,-0.0467315679137346,TRUE,FALSE,"Los Angeles",31080,1,1,-0.587
"59",71,49,0.505,-0.08,200,6,"California","CA","None",0.471734984,0.809140725123986,0.32214005916417,-0.0467315679137346,TRUE,FALSE,"San Diego",41740,1,1,-0.587
"60",71,50,0.512,0.148,200,6,"California","CA","None",0.5735402796,1.01891416587175,0.32914005916417,0.181268432086265,TRUE,FALSE,"Riverside",40140,1,1,-0.587
"61",71,50,0.512,0.148,200,6,"California","CA","None",0.5735402796,1.01891416587175,0.32914005916417,0.181268432086265,TRUE,FALSE,"San Diego",41740,1,1,-0.587
"62",71,51,-0.392,0.123,100,6,"California","CA","None",-0.3408550379,-0.865229982280161,-0.57485994083583,0.156268432086265,FALSE,TRUE,"San Diego",41740,1,1,-0.587
"63",71,52,-0.175,-0.062,100,6,"California","CA","None",-0.2007803874,-0.576601171531687,-0.35785994083583,-0.0287315679137346,FALSE,TRUE,"San Diego",41740,1,1,-0.587
"64",71,53,-0.343,-0.107,100,6,"California","CA","None",-0.3874919589,-0.961327020517644,-0.52585994083583,-0.0737315679137346,FALSE,TRUE,"San Diego",41740,1,1,-0.587
"65",62,1,-0.432,-0.312,100,8,"Colorado","CO","None",-0.5617335624,-1.32035805590911,-0.61485994083583,-0.278731567913735,FALSE,TRUE,"Denver",19740,1,1,0.04
"66",62,2,-0.28,-0.688,100,8,"Colorado","CO","None",-0.5660791376,-1.32931226852015,-0.46285994083583,-0.654731567913735,FALSE,TRUE,"Denver",19740,1,1,0.04
"67",62,4,0.454,-0.02,200,8,"Colorado","CO","None",0.445683746,0.755461220548206,0.27114005916417,0.0132684320862654,TRUE,FALSE,"Denver",19740,1,1,0.04
"68",62,5,0.69,0.186,200,8,"Colorado","CO","None",0.7673411622,1.41824779309963,0.507140059164169,0.219268432086265,TRUE,FALSE,"Denver",19740,1,1,0.04
"69",62,6,0.498,-0.202,200,8,"Colorado","CO","None",0.4140058346,0.690187754851588,0.31514005916417,-0.168731567913735,TRUE,FALSE,"Denver",19740,1,1,0.04
"70",62,7,-0.284,0.087,100,8,"Colorado","CO","None",-0.2478242951,-0.673536820372817,-0.46685994083583,0.120268432086265,FALSE,TRUE,"Denver",19740,1,1,0.04
"71",43,5,-0.429,0.192,100,12,"Florida","FL","None",-0.3491639616,-0.88235081576124,-0.611859940835831,0.225268432086265,FALSE,TRUE,"Orlando",36740,1,1,0.136
"72",43,7,0.453,0.137,200,12,"Florida","FL","None",0.5099663399,0.887917796830609,0.27014005916417,0.170268432086265,TRUE,FALSE,"Orlando",36740,1,1,0.136
"73",43,8,0.51,-0.309,200,12,"Florida","FL","None",0.3815138757,0.623236915261984,0.32714005916417,-0.275731567913735,TRUE,FALSE,"Orlando",36740,1,1,0.136
"74",43,9,-0.363,-0.457,100,12,"Florida","FL","None",-0.5530264039,-1.30241664542632,-0.54585994083583,-0.423731567913735,FALSE,TRUE,"Orlando",36740,1,1,0.136
"75",43,10,0.478,0.007,200,12,"Florida","FL","None",0.4809106889,0.828047592166755,0.29514005916417,0.0402684320862654,TRUE,FALSE,"Orlando",36740,1,1,0.136
"76",43,11,0.483,0.077,200,12,"Florida","FL","None",0.5150175779,0.898326052796577,0.30014005916417,0.110268432086265,TRUE,FALSE,"Orlando",36740,1,1,0.136
"77",43,18,-0.186,-0.026,100,12,"Florida","FL","None",-0.1968111302,-0.568422375574664,-0.36885994083583,0.00726843208626542,FALSE,TRUE,"Miami",33100,1,1,0.136
"78",43,20,-0.565,0.152,100,12,"Florida","FL","None",-0.5017964696,-1.19685553955205,-0.74785994083583,0.185268432086265,FALSE,TRUE,"Miami",33100,1,1,0.136
"79",43,21,-0.403,-0.089,100,12,"Florida","FL","None",-0.4400073303,-1.06953681535983,-0.58585994083583,-0.0557315679137346,FALSE,TRUE,"Miami",33100,1,1,0.136
"80",43,22,-0.408,-0.072,100,12,"Florida","FL","None",-0.4379385144,-1.06527394644856,-0.59085994083583,-0.0387315679137346,FALSE,TRUE,"Miami",33100,1,1,0.136
"81",43,23,-0.424,0.075,100,12,"Florida","FL","None",-0.3928140475,-0.972293373800218,-0.60685994083583,0.108268432086265,FALSE,TRUE,"Miami",33100,1,1,0.136
"82",43,24,-0.475,-0.009,100,12,"Florida","FL","None",-0.4787423143,-1.14935163071988,-0.65785994083583,0.0242684320862654,FALSE,TRUE,"Miami",33100,1,1,0.136
"83",43,25,0.277,0.09,200,12,"Florida","FL","None",0.314423143,0.484994068877408,0.0941400591641696,0.123268432086265,TRUE,FALSE,"Miami",33100,1,1,0.136
"84",43,26,-0.204,0.032,100,12,"Florida","FL","None",-0.1906939936,-0.555817797546151,-0.38685994083583,0.0652684320862654,FALSE,TRUE,"Miami",33100,1,1,0.136
"85",43,27,0.245,-0.226,200,12,"Florida","FL","None",0.1510263298,0.148309110495116,0.0621400591641695,-0.192731567913735,TRUE,FALSE,"Miami",33100,1,1,0.136
"86",44,3,0.672,0.189,200,13,"Georgia","GA","Repub",0.7505886003,1.3837285421079,0.48914005916417,0.222268432086265,TRUE,FALSE,"Atlanta",12060,1,1,0.517
"87",44,4,-0.468,0.038,100,13,"Georgia","GA","Repub",-0.4521991174,-1.09465842729326,-0.65085994083583,0.0712684320862654,FALSE,TRUE,"Atlanta",12060,1,1,0.517
"88",44,5,-0.589,-0.229,100,13,"Georgia","GA","Repub",-0.6842211083,-1.57274801068266,-0.77185994083583,-0.195731567913735,FALSE,TRUE,"Atlanta",12060,1,1,0.517
"89",44,6,0.644,-0.073,200,13,"Georgia","GA","Repub",0.6136456729,1.10155275844692,0.46114005916417,-0.0397315679137346,TRUE,FALSE,"Atlanta",12060,1,1,0.517
"90",44,7,0.65,-0.28,200,13,"Georgia","GA","Repub",0.533572444,0.936559015841094,0.46714005916417,-0.246731567913735,TRUE,FALSE,"Atlanta",12060,1,1,0.517
"91",44,9,0.636,0.044,200,13,"Georgia","GA","Repub",0.6542957588,1.18531370954163,0.45314005916417,0.0772684320862654,TRUE,FALSE,"Atlanta",12060,1,1,0.517
"92",44,10,0.913,-0.408,200,13,"Georgia","GA","Repub",0.7433484184,1.36880988920433,0.73014005916417,-0.374731567913735,TRUE,FALSE,"Atlanta",12060,1,1,0.517
"93",44,11,0.561,0.272,200,13,"Georgia","GA","Repub",0.6741010544,1.22612322714632,0.37814005916417,0.305268432086265,TRUE,FALSE,"Atlanta",12060,1,1,0.517
"94",44,13,-0.302,0.172,100,13,"Georgia","GA","Repub",-0.2304802156,-0.637798726279825,-0.48485994083583,0.205268432086265,FALSE,TRUE,"Atlanta",12060,1,1,0.517
"95",44,14,0.752,-0.071,200,13,"Georgia","GA","Repub",0.7224772983,1.32580420222279,0.56914005916417,-0.0377315679137346,TRUE,FALSE,"Atlanta",12060,1,1,0.517
"96",21,1,-0.478,-0.206,100,17,"Illinois","IL","None",-0.5636574162,-1.32432222524571,-0.66085994083583,-0.172731567913735,FALSE,TRUE,"Chicago",16980,0,1,-0.428
"97",21,2,-0.453,-0.027,100,17,"Illinois","IL","None",-0.4642269429,-1.11944219050497,-0.635859940835831,0.00626843208626542,FALSE,TRUE,"Chicago",16980,0,1,-0.428
"98",21,3,-0.233,0.19,100,17,"Illinois","IL","None",-0.153995587,-0.480199422518887,-0.41585994083583,0.223268432086265,FALSE,TRUE,"Chicago",16980,0,1,-0.428
"99",21,4,-0.485,-0.263,100,17,"Illinois","IL","None",-0.5943587401,-1.38758339758511,-0.66785994083583,-0.229731567913735,FALSE,TRUE,"Chicago",16980,0,1,-0.428
"100",21,5,-0.317,-0.311,100,17,"Illinois","IL","None",-0.4463177497,-1.08253965948791,-0.49985994083583,-0.277731567913735,FALSE,TRUE,"Chicago",16980,0,1,-0.428
"101",21,6,0.433,0.031,200,17,"Illinois","IL","None",0.4458901937,0.755886613393522,0.25014005916417,0.0642684320862654,TRUE,FALSE,"Chicago",16980,0,1,-0.428
"102",21,7,-0.487,-0.257,100,17,"Illinois","IL","None",-0.5938638639,-1.38656368753362,-0.66985994083583,-0.223731567913735,FALSE,TRUE,"Chicago",16980,0,1,-0.428
"103",21,8,-0.312,0.083,100,17,"Illinois","IL","None",-0.2774875459,-0.73465900608434,-0.49485994083583,0.116268432086265,FALSE,TRUE,"Chicago",16980,0,1,-0.428
"104",21,9,-0.605,-0.266,100,17,"Illinois","IL","None",-0.7156061782,-1.63741806602929,-0.78785994083583,-0.232731567913735,FALSE,TRUE,"Chicago",16980,0,1,-0.428
"105",21,10,-0.172,-0.203,100,17,"Illinois","IL","None",-0.2564099781,-0.691227926257485,-0.35485994083583,-0.169731567913735,FALSE,TRUE,"Chicago",16980,0,1,-0.428
"106",21,11,-0.222,-0.232,100,17,"Illinois","IL","None",-0.3184685464,-0.819101818508831,-0.40485994083583,-0.198731567913735,FALSE,TRUE,"Chicago",16980,0,1,-0.428
"107",21,12,-0.251,0.159,100,17,"Illinois","IL","None",-0.1848857807,-0.543849767814026,-0.43385994083583,0.192268432086265,FALSE,TRUE,"St. Louis",41180,0,1,-0.428
"108",21,13,0.294,0.101,200,17,"Illinois","IL","None",0.3359970827,0.529447940698921,0.11114005916417,0.134268432086265,TRUE,FALSE,"St. Louis",41180,0,1,-0.428
"109",21,14,0.492,-0.041,200,17,"Illinois","IL","None",0.4749516793,0.815768840458667,0.30914005916417,-0.00773156791373458,TRUE,FALSE,"Chicago",16980,0,1,-0.428
"110",21,15,0.372,0.135,200,17,"Illinois","IL","None",0.4281347145,0.719300815553067,0.18914005916417,0.168268432086265,TRUE,FALSE,"St. Louis",41180,0,1,-0.428
"111",21,16,0.27,0.31,200,17,"Illinois","IL","None",0.398901937,0.659065635421743,0.0871400591641696,0.343268432086265,TRUE,FALSE,"Chicago",16980,0,1,-0.428
"112",22,4,0.596,-0.167,200,18,"Indiana","IN","Repub",0.5265592791,0.922108139558737,0.41314005916417,-0.133731567913735,TRUE,FALSE,"Indianapolis",26900,1,1,0.548
"113",22,5,0.376,0.261,200,18,"Indiana","IN","Repub",0.4845271147,0.835499366446314,0.19314005916417,0.294268432086265,TRUE,FALSE,"Indianapolis",26900,1,1,0.548
"114",22,6,0.561,-0.107,200,18,"Indiana","IN","Repub",0.5165080411,0.901397205352338,0.37814005916417,-0.0737315679137346,TRUE,FALSE,"Indianapolis",26900,1,1,0.548
"115",22,7,-0.429,0.059,100,18,"Indiana","IN","Repub",-0.4044670507,-0.996304802301081,-0.611859940835831,0.0922684320862654,FALSE,TRUE,"Indianapolis",26900,1,1,0.548
"116",22,9,0.487,0.062,200,18,"Indiana","IN","Repub",0.5127803874,0.893716242019767,0.30414005916417,0.0952684320862654,TRUE,FALSE,"Indianapolis",26900,1,1,0.548
"117",3,2,-0.538,-0.3,100,25,"Massachusetts","MA","None",-0.66274381,-1.52849327191093,-0.72085994083583,-0.266731567913735,FALSE,TRUE,"Boston",14460,0,1,-1.259
"118",3,3,-0.399,-0.195,100,25,"Massachusetts","MA","None",-0.4800834765,-1.15211514324285,-0.58185994083583,-0.161731567913735,FALSE,TRUE,"Boston",14460,0,1,-1.259
"119",3,4,-0.426,-0.151,100,25,"Massachusetts","MA","None",-0.4887877177,-1.17005054252499,-0.60885994083583,-0.117731567913735,FALSE,TRUE,"Boston",14460,0,1,-1.259
"120",3,5,-0.502,-0.429,100,25,"Massachusetts","MA","None",-0.6803836483,-1.56484078755455,-0.68485994083583,-0.395731567913735,FALSE,TRUE,"Boston",14460,0,1,-1.259
"121",3,6,-0.488,-0.433,100,25,"Massachusetts","MA","None",-0.6680468991,-1.53942047604645,-0.67085994083583,-0.399731567913735,FALSE,TRUE,"Boston",14460,0,1,-1.259
"122",3,7,-0.579,-0.081,100,25,"Massachusetts","MA","None",-0.6126808287,-1.4253367142928,-0.76185994083583,-0.0477315679137346,FALSE,TRUE,"Boston",14460,0,1,-1.259
"123",3,8,-0.352,0.033,100,25,"Massachusetts","MA","None",-0.3382781809,-0.859920276571641,-0.53485994083583,0.0662684320862654,FALSE,TRUE,"Boston",14460,0,1,-1.259
"124",3,9,-0.329,-0.148,100,25,"Massachusetts","MA","None",-0.3905402796,-0.967608193986793,-0.51185994083583,-0.114731567913735,FALSE,TRUE,"Boston",14460,0,1,-1.259
"125",52,1,0.605,-0.299,200,24,"Maryland","MD","Dem",0.4806720027,0.827555770742949,0.42214005916417,-0.265731567913735,TRUE,FALSE,"Baltimore",12580,1,1,-0.809
"126",52,2,-0.296,0.14,100,24,"Maryland","MD","Dem",-0.237786222,-0.652853012912171,-0.47885994083583,0.173268432086265,FALSE,TRUE,"Baltimore",12580,1,1,-0.809
"127",52,3,-0.466,-0.089,100,24,"Maryland","MD","Dem",-0.5030073303,-1.19935056118927,-0.64885994083583,-0.0557315679137346,FALSE,TRUE,"DC",47900,0,1,-0.809
"128",52,3,-0.466,-0.089,100,24,"Maryland","MD","Dem",-0.5030073303,-1.19935056118927,-0.64885994083583,-0.0557315679137346,FALSE,TRUE,"Baltimore",12580,1,1,-0.809
"129",52,4,-0.562,-0.294,100,24,"Maryland","MD","Dem",-0.6842489338,-1.57280534611733,-0.744859940835831,-0.260731567913735,FALSE,TRUE,"DC",47900,0,1,-0.809
"130",52,4,-0.562,-0.294,100,24,"Maryland","MD","Dem",-0.6842489338,-1.57280534611733,-0.744859940835831,-0.260731567913735,FALSE,TRUE,"Baltimore",12580,1,1,-0.809
"131",52,5,-0.379,0.116,100,24,"Maryland","MD","Dem",-0.3307657268,-0.844440597093979,-0.56185994083583,0.149268432086265,FALSE,TRUE,"DC",47900,0,1,-0.809
"132",52,5,-0.379,0.116,100,24,"Maryland","MD","Dem",-0.3307657268,-0.844440597093979,-0.56185994083583,0.149268432086265,FALSE,TRUE,"Baltimore",12580,1,1,-0.809
"133",52,6,-0.275,0.031,100,24,"Maryland","MD","Dem",-0.2621098063,-0.702972625451552,-0.45785994083583,0.0642684320862654,FALSE,TRUE,"DC",47900,0,1,-0.809
"134",52,7,-0.438,-0.153,100,24,"Maryland","MD","Dem",-0.5016193431,-1.19649056408458,-0.62085994083583,-0.119731567913735,FALSE,TRUE,"Baltimore",12580,1,1,-0.809
"135",52,8,-0.398,-0.175,100,24,"Maryland","MD","Dem",-0.4707672225,-1.13291866976922,-0.58085994083583,-0.141731567913735,FALSE,TRUE,"DC",47900,0,1,-0.809
"136",52,8,-0.398,-0.175,100,24,"Maryland","MD","Dem",-0.4707672225,-1.13291866976922,-0.58085994083583,-0.141731567913735,FALSE,TRUE,"Baltimore",12580,1,1,-0.809
"137",23,8,0.4,0.098,200,26,"Michigan","MI","Repub",0.4407496446,0.745294328722234,0.21714005916417,0.131268432086265,TRUE,FALSE,"Detroit",19820,1,1,0.047
"138",23,9,-0.378,-0.095,100,26,"Michigan","MI","Repub",-0.4175022065,-1.02316420550534,-0.56085994083583,-0.0617315679137346,FALSE,TRUE,"Detroit",19820,1,1,0.047
"139",23,10,0.343,-0.001,200,26,"Michigan","MI","Repub",0.3425841873,0.543020904544894,0.16014005916417,0.0322684320862654,TRUE,FALSE,"Detroit",19820,1,1,0.047
"140",23,11,0.723,-0.319,200,26,"Michigan","MI","Repub",0.5903557487,1.05356303939159,0.54014005916417,-0.285731567913735,TRUE,FALSE,"Detroit",19820,1,1,0.047
"141",23,12,-0.448,0.313,100,26,"Michigan","MI","Repub",-0.3178506249,-0.817828569230362,-0.63085994083583,0.346268432086265,FALSE,TRUE,"Detroit",19820,1,1,0.047
"142",23,13,-0.658,-0.512,100,26,"Michigan","MI","Repub",-0.8708961024,-1.957398490632,-0.84085994083583,-0.478731567913735,FALSE,TRUE,"Detroit",19820,1,1,0.047
"143",23,14,-0.234,-0.209,100,26,"Michigan","MI","Repub",-0.3209048543,-0.824121917786495,-0.41685994083583,-0.175731567913735,FALSE,TRUE,"Detroit",19820,1,1,0.047
"144",33,1,-0.274,0.132,100,27,"Minnesota","MN","None",-0.2191127236,-0.614375603784489,-0.45685994083583,0.165268432086265,FALSE,TRUE,"Minneapolis",33460,0,1,-0.271
"145",33,2,0.49,0.154,200,27,"Minnesota","MN","None",0.5540351558,0.978723162961509,0.30714005916417,0.187268432086265,TRUE,FALSE,"Minneapolis",33460,0,1,-0.271
"146",33,3,0.407,-0.192,200,27,"Minnesota","MN","None",0.3271639616,0.511246979788508,0.22414005916417,-0.158731567913735,TRUE,FALSE,"Minneapolis",33460,0,1,-0.271
"147",33,4,-0.419,-0.182,100,27,"Minnesota","MN","None",-0.4946779114,-1.18218749661797,-0.60185994083583,-0.148731567913735,FALSE,TRUE,"Minneapolis",33460,0,1,-0.271
"148",33,5,-0.542,-0.563,100,27,"Minnesota","MN","None",-0.7761025501,-1.76207299690912,-0.72485994083583,-0.529731567913735,FALSE,TRUE,"Minneapolis",33460,0,1,-0.271
"149",33,6,0.584,-0.03,200,27,"Minnesota","MN","None",0.571525619,1.01476288588665,0.40114005916417,0.00326843208626542,TRUE,FALSE,"Minneapolis",33460,0,1,-0.271
"150",33,7,-0.146,0.716,100,27,"Minnesota","MN","None",0.1517218932,0.14974234367632,-0.32885994083583,0.749268432086265,FALSE,TRUE,"Minneapolis",33460,0,1,-0.271
"151",33,8,-0.372,-0.386,100,27,"Minnesota","MN","None",-0.5325037022,-1.26012888697843,-0.55485994083583,-0.352731567913735,FALSE,TRUE,"Minneapolis",33460,0,1,-0.271
"152",34,1,-0.481,-0.075,100,29,"Missouri","MO","None",-0.5121859525,-1.21826343943268,-0.66385994083583,-0.0417315679137346,FALSE,TRUE,"St. Louis",41180,0,1,0.445
"153",34,2,0.469,0.206,200,29,"Missouri","MO","None",0.5546574162,0.980005352698102,0.28614005916417,0.239268432086265,TRUE,FALSE,"St. Louis",41180,0,1,0.445
"154",34,3,0.445,0.237,200,29,"Missouri","MO","None",0.5435476099,0.957113200773618,0.26214005916417,0.270268432086265,TRUE,FALSE,"St. Louis",41180,0,1,0.445
"155",34,4,0.496,0.379,200,29,"Missouri","MO","None",0.6535930133,1.18386567738735,0.31314005916417,0.412268432086265,TRUE,FALSE,"Kansas City",28140,0,1,0.445
"156",34,5,-0.452,0.008,100,29,"Missouri","MO","None",-0.4486734984,-1.08739376366219,-0.63485994083583,0.0412684320862654,FALSE,TRUE,"Kansas City",28140,0,1,0.445
"157",34,6,0.433,0.153,200,29,"Missouri","MO","None",0.4966193431,0.860415834129315,0.25014005916417,0.186268432086265,TRUE,FALSE,"Kansas City",28140,0,1,0.445
"158",34,8,0.269,0.274,200,29,"Missouri","MO","None",0.3829326798,0.626160411687685,0.0861400591641696,0.307268432086265,TRUE,FALSE,"St. Louis",41180,0,1,0.445
"159",47,5,0.641,0.149,200,37,"North Carolina","NC","Repub",0.7029560923,1.28558006136615,0.45814005916417,0.182268432086265,TRUE,FALSE,"Charlotte",16740,0,1,0.472
"160",47,8,0.675,0.185,200,37,"North Carolina","NC","Repub",0.7519253495,1.38648296148705,0.49214005916417,0.218268432086265,TRUE,FALSE,"Charlotte",16740,0,1,0.472
"161",47,9,0.563,0.316,200,37,"North Carolina","NC","Repub",0.6943968132,1.26794336165868,0.380140059164169,0.349268432086265,TRUE,FALSE,"Charlotte",16740,0,1,0.472
"162",47,10,0.582,0.115,200,37,"North Carolina","NC","Repub",0.6298184605,1.13487736382564,0.39914005916417,0.148268432086265,TRUE,FALSE,"Charlotte",16740,0,1,0.472
"163",47,12,-0.526,-0.155,100,37,"North Carolina","NC","Repub",-0.5904509685,-1.37953129489873,-0.70885994083583,-0.121731567913735,FALSE,TRUE,"Charlotte",16740,0,1,0.472
"164",12,1,-0.297,-0.119,100,34,"New Jersey","NJ","None",-0.3464817113,-0.876823943401,-0.47985994083583,-0.0857315679137346,FALSE,TRUE,"Philadelphia",37980,0,1,-0.376
"165",12,2,0.211,-0.228,200,34,"New Jersey","NJ","None",0.1161947044,0.0765373046776286,0.0281400591641695,-0.194731567913735,TRUE,FALSE,"NYC",35620,0,1,-0.376
"166",12,2,0.211,-0.228,200,34,"New Jersey","NJ","None",0.1161947044,0.0765373046776286,0.0281400591641695,-0.194731567913735,TRUE,FALSE,"Philadelphia",37980,0,1,-0.376
"167",12,3,0.222,0.089,200,34,"New Jersey","NJ","None",0.2590073303,0.370807811341386,0.0391400591641695,0.122268432086265,TRUE,FALSE,"NYC",35620,0,1,-0.376
"168",12,3,0.222,0.089,200,34,"New Jersey","NJ","None",0.2590073303,0.370807811341386,0.0391400591641695,0.122268432086265,TRUE,FALSE,"Philadelphia",37980,0,1,-0.376
"169",12,4,0.16,-0.174,200,34,"New Jersey","NJ","None",0.0876485902,0.0177170187541872,-0.0228599408358305,-0.140731567913735,TRUE,FALSE,"NYC",35620,0,1,-0.376
"170",12,5,0.688,-0.243,200,34,"New Jersey","NJ","None",0.5869575139,1.04656085544562,0.505140059164169,-0.209731567913735,TRUE,FALSE,"NYC",35620,0,1,-0.376
"171",12,6,-0.402,-0.16,100,34,"New Jersey","NJ","None",-0.468530032,-1.12830885899241,-0.58485994083583,-0.126731567913735,FALSE,TRUE,"NYC",35620,0,1,-0.376
"172",12,7,0.334,-0.229,200,34,"New Jersey","NJ","None",0.2387788917,0.329126392500962,0.15114005916417,-0.195731567913735,TRUE,FALSE,"NYC",35620,0,1,-0.376
"173",12,8,-0.401,0.089,100,34,"New Jersey","NJ","None",-0.3639926697,-0.912905897416356,-0.58385994083583,0.122268432086265,FALSE,TRUE,"NYC",35620,0,1,-0.376
"174",12,9,-0.366,0.006,100,34,"New Jersey","NJ","None",-0.3635051238,-0.911901291709327,-0.54885994083583,0.0392684320862654,FALSE,TRUE,"NYC",35620,0,1,-0.376
"175",12,10,-0.515,-0.123,100,34,"New Jersey","NJ","None",-0.5661449621,-1.32944790224891,-0.69785994083583,-0.0897315679137346,FALSE,TRUE,"NYC",35620,0,1,-0.376
"176",12,11,0.29,-0.271,200,34,"New Jersey","NJ","None",0.1773147583,0.202477354551532,0.10714005916417,-0.237731567913735,TRUE,FALSE,"NYC",35620,0,1,-0.376
"177",12,12,-0.463,-0.33,100,34,"New Jersey","NJ","None",-0.600218191,-1.39965700504277,-0.645859940835831,-0.296731567913735,FALSE,TRUE,"NYC",35620,0,1,-0.376
"178",13,1,-0.338,-0.05,100,36,"New York","NY","Repub",-0.358790635,-0.902186919474424,-0.520859940835831,-0.0167315679137346,FALSE,TRUE,"NYC",35620,0,1,-0.775
"179",13,2,0.26,-0.033,200,36,"New York","NY","Repub",0.2462781809,0.34457894523287,0.0771400591641695,0.000268432086265417,TRUE,FALSE,"NYC",35620,0,1,-0.775
"180",13,3,-0.334,-0.051,100,36,"New York","NY","Repub",-0.3552064477,-0.894801573773356,-0.516859940835831,-0.0177315679137346,FALSE,TRUE,"NYC",35620,0,1,-0.775
"181",13,4,-0.294,-0.04,100,36,"New York","NY","Repub",-0.310632508,-0.802955382045858,-0.47685994083583,-0.00673156791373458,FALSE,TRUE,"NYC",35620,0,1,-0.775
"182",13,5,-0.414,-0.073,100,36,"New York","NY","Repub",-0.4443543271,-1.07849395722835,-0.59685994083583,-0.0397315679137346,FALSE,TRUE,"NYC",35620,0,1,-0.775
"183",13,6,-0.385,-0.145,100,36,"New York","NY","Repub",-0.4452928415,-1.08042779960579,-0.56785994083583,-0.111731567913735,FALSE,TRUE,"NYC",35620,0,1,-0.775
"184",13,7,-0.546,-0.346,100,36,"New York","NY","Repub",-0.6898711942,-1.58439021409436,-0.72885994083583,-0.312731567913735,FALSE,TRUE,"NYC",35620,0,1,-0.775
"185",13,8,-0.479,-0.099,100,36,"New York","NY","Repub",-0.5201654573,-1.23470549352716,-0.66185994083583,-0.0657315679137346,FALSE,TRUE,"NYC",35620,0,1,-0.775
"186",13,9,-0.611,-0.216,100,36,"New York","NY","Repub",-0.7008155432,-1.60694143535396,-0.79385994083583,-0.182731567913735,FALSE,TRUE,"NYC",35620,0,1,-0.775
"187",13,10,-0.509,-0.509,100,36,"New York","NY","Repub",-0.7206486643,-1.64780828839332,-0.69185994083583,-0.475731567913735,FALSE,TRUE,"NYC",35620,0,1,-0.775
"188",13,11,0.219,0.136,200,36,"New York","NY","Repub",0.2755505272,0.404895658287146,0.0361400591641695,0.169268432086265,TRUE,FALSE,"NYC",35620,0,1,-0.775
"189",13,12,-0.386,-0.283,100,36,"New York","NY","Repub",-0.5036749941,-1.20072630625011,-0.56885994083583,-0.249731567913735,FALSE,TRUE,"NYC",35620,0,1,-0.775
"190",13,13,-0.514,-0.341,100,36,"New York","NY","Repub",-0.6557921307,-1.51416908889921,-0.69685994083583,-0.307731567913735,FALSE,TRUE,"NYC",35620,0,1,-0.775
"191",13,14,-0.41,-0.07,100,36,"New York","NY","Repub",-0.439106889,-1.06768142396217,-0.59285994083583,-0.0367315679137346,FALSE,TRUE,"NYC",35620,0,1,-0.775
"192",13,15,-0.49,-0.388,100,36,"New York","NY","Repub",-0.6513353276,-1.50498568723516,-0.67285994083583,-0.354731567913735,FALSE,TRUE,"NYC",35620,0,1,-0.775
"193",13,16,-0.408,-0.084,100,36,"New York","NY","Repub",-0.4429282668,-1.07555550914388,-0.59085994083583,-0.0507315679137346,FALSE,TRUE,"NYC",35620,0,1,-0.775
"194",13,17,-0.388,-0.159,100,36,"New York","NY","Repub",-0.4541142193,-1.09860456302793,-0.57085994083583,-0.125731567913735,FALSE,TRUE,"NYC",35620,0,1,-0.775
"195",13,18,-0.233,0.098,100,36,"New York","NY","Repub",-0.1922503554,-0.55902473651637,-0.41585994083583,0.131268432086265,FALSE,TRUE,"NYC",35620,0,1,-0.775
"196",13,19,0.203,-0.455,200,36,"New York","NY","Repub",0.0138052215,-0.13443987482694,0.0201400591641696,-0.421731567913735,TRUE,FALSE,"NYC",35620,0,1,-0.775
"197",24,1,0.584,-0.256,200,39,"Ohio","OH","Repub",0.4775519488,0.821126788458049,0.40114005916417,-0.222731567913735,TRUE,FALSE,"Cincinnati",17140,0,1,0.403
"198",24,2,0.577,0.175,200,39,"Ohio","OH","Repub",0.6497672225,1.17598249906183,0.394140059164169,0.208268432086265,TRUE,FALSE,"Cincinnati",17140,0,1,0.403
"199",24,3,-0.43,0.076,100,39,"Ohio","OH","Repub",-0.3983982348,-0.983799790797458,-0.61285994083583,0.109268432086265,FALSE,TRUE,"Columbus",18140,1,1,0.403
"200",24,4,0.706,-0.198,200,39,"Ohio","OH","Repub",0.6236690854,1.12220635721864,0.52314005916417,-0.164731567913735,TRUE,FALSE,"Cleveland",17460,1,1,0.403
"201",24,4,0.706,-0.198,200,39,"Ohio","OH","Repub",0.6236690854,1.12220635721864,0.52314005916417,-0.164731567913735,TRUE,FALSE,"Columbus",18140,1,1,0.403
"202",24,7,0.459,0.279,200,39,"Ohio","OH","Repub",0.5750117433,1.02194616928046,0.27614005916417,0.312268432086265,TRUE,FALSE,"Cleveland",17460,1,1,0.403
"203",24,8,0.513,0.04,200,39,"Ohio","OH","Repub",0.529632508,0.928440637261916,0.33014005916417,0.0732684320862654,TRUE,FALSE,"Cincinnati",17140,0,1,0.403
"204",24,9,-0.35,0.112,100,39,"Ohio","OH","Repub",-0.3034289776,-0.788112250864585,-0.53285994083583,0.145268432086265,FALSE,TRUE,"Cleveland",17460,1,1,0.403
"205",24,11,-0.587,0.121,100,39,"Ohio","OH","Repub",-0.5366866633,-1.26874802743954,-0.76985994083583,0.154268432086265,FALSE,TRUE,"Cleveland",17460,1,1,0.403
"206",24,12,0.386,-0.026,200,39,"Ohio","OH","Repub",0.3751888698,0.610204015130678,0.20314005916417,0.00726843208626542,TRUE,FALSE,"Columbus",18140,1,1,0.403
"207",24,14,0.256,0.264,200,39,"Ohio","OH","Repub",0.3657745528,0.590805479349794,0.0731400591641695,0.297268432086265,TRUE,FALSE,"Cleveland",17460,1,1,0.403
"208",24,15,0.299,0.26,200,39,"Ohio","OH","Repub",0.407111302,0.675981324652395,0.11614005916417,0.293268432086265,TRUE,FALSE,"Columbus",18140,1,1,0.403
"209",24,16,0.385,0.14,200,39,"Ohio","OH","Repub",0.443213778,0.750371763434574,0.20214005916417,0.173268432086265,TRUE,FALSE,"Cleveland",17460,1,1,0.403
"210",72,1,-0.395,-0.381,100,41,"Oregon","OR","None",-0.5534246387,-1.30323722242803,-0.57785994083583,-0.347731567913735,FALSE,TRUE,"Portland",38900,0,1,-0.792
"211",72,3,-0.428,-0.665,100,41,"Oregon","OR","None",-0.7045154455,-1.61456521593754,-0.61085994083583,-0.631731567913735,FALSE,TRUE,"Portland",38900,0,1,-0.792
"212",72,5,-0.19,0.048,100,41,"Oregon","OR","None",-0.1700409904,-0.513261548212511,-0.37285994083583,0.0812684320862654,FALSE,TRUE,"Portland",38900,0,1,-0.792
"213",14,1,-0.484,0.224,100,42,"Pennsylvania","PA","Repub",-0.3908579552,-0.968262775885121,-0.66685994083583,0.257268432086265,FALSE,TRUE,"Philadelphia",37980,0,1,0.212
"214",14,2,-0.472,-0.054,100,42,"Pennsylvania","PA","Repub",-0.4944538858,-1.18172588388309,-0.65485994083583,-0.0207315679137346,FALSE,TRUE,"Philadelphia",37980,0,1,0.212
"215",14,3,0.318,0.504,200,42,"Pennsylvania","PA","Repub",0.5275696008,0.924189943437622,0.13514005916417,0.537268432086265,TRUE,FALSE,"Pittsburgh",38300,1,1,0.212
"216",14,6,0.221,-0.107,200,42,"Pennsylvania","PA","Repub",0.1765080411,0.200815085003008,0.0381400591641695,-0.0737315679137346,TRUE,FALSE,"Philadelphia",37980,0,1,0.212
"217",14,7,0.221,0.072,200,42,"Pennsylvania","PA","Repub",0.2509385144,0.354181728541591,0.0381400591641695,0.105268432086265,TRUE,FALSE,"Philadelphia",37980,0,1,0.212
"218",14,8,0.202,-0.186,200,42,"Pennsylvania","PA","Repub",0.1246588378,0.0939779532784862,0.0191400591641696,-0.152731567913735,TRUE,FALSE,"Philadelphia",37980,0,1,0.212
"219",14,9,0.375,0.324,200,42,"Pennsylvania","PA","Repub",0.5097233148,0.887417034948679,0.19214005916417,0.357268432086265,TRUE,FALSE,"Pittsburgh",38300,1,1,0.212
"220",14,12,0.491,0.118,200,42,"Pennsylvania","PA","Repub",0.5400658986,0.949939010523624,0.30814005916417,0.151268432086265,TRUE,FALSE,"Pittsburgh",38300,1,1,0.212
"221",14,13,-0.343,-0.008,100,42,"Pennsylvania","PA","Repub",-0.3463265016,-0.876504128281221,-0.52585994083583,0.0252684320862654,FALSE,TRUE,"Philadelphia",37980,0,1,0.212
"222",14,14,-0.328,0.125,100,42,"Pennsylvania","PA","Repub",-0.2760234125,-0.731642107020086,-0.510859940835831,0.158268432086265,FALSE,TRUE,"Pittsburgh",38300,1,1,0.212
"223",14,16,0.538,0.012,200,42,"Pennsylvania","PA","Repub",0.5429897524,0.955963715508316,0.35514005916417,0.0452684320862654,TRUE,FALSE,"Philadelphia",37980,0,1,0.212
"224",14,18,0.258,0.198,200,42,"Pennsylvania","PA","Repub",0.3403309146,0.538377955821684,0.0751400591641695,0.231268432086265,TRUE,FALSE,"Pittsburgh",38300,1,1,0.212
"225",48,5,0.75,-0.592,200,45,"South Carolina","SC","Repub",0.5038388816,0.875291950571297,0.56714005916417,-0.558731567913735,TRUE,FALSE,"Charlotte",16740,0,1,0.69
"226",49,2,0.593,-0.031,200,48,"Texas","TX","Repub",0.5801098063,1.03245090982815,0.41014005916417,0.00226843208626542,TRUE,FALSE,"Houston",26420,1,1,0.511
"227",49,3,0.609,0.283,200,48,"Texas","TX","Repub",0.7266749941,1.33445370405851,0.42614005916417,0.316268432086265,TRUE,FALSE,"Dallas",19100,1,1,0.511
"228",49,4,0.424,0.308,200,48,"Texas","TX","Repub",0.5520703116,0.974674531444474,0.24114005916417,0.341268432086265,TRUE,FALSE,"Dallas",19100,1,1,0.511
"229",49,5,0.703,0.041,200,48,"Texas","TX","Repub",0.7200483207,1.32079920728958,0.520140059164169,0.0742684320862654,TRUE,FALSE,"Dallas",19100,1,1,0.511
"230",49,6,0.528,0.047,200,48,"Texas","TX","Repub",0.5475431969,0.965346250222148,0.34514005916417,0.0802684320862654,TRUE,FALSE,"Dallas",19100,1,1,0.511
"231",49,7,0.503,0.374,200,48,"Texas","TX","Repub",0.6585139498,1.19400544246757,0.32014005916417,0.407268432086265,TRUE,FALSE,"Houston",26420,1,1,0.511
"232",49,8,0.518,0.213,200,48,"Texas","TX","Repub",0.6065681051,1.08696917769327,0.33514005916417,0.246268432086265,TRUE,FALSE,"Houston",26420,1,1,0.511
"233",49,9,-0.434,0.32,100,48,"Texas","TX","Repub",-0.300939936,-0.782983491918216,-0.61685994083583,0.353268432086265,FALSE,TRUE,"Houston",26420,1,1,0.511
"234",49,10,0.45,0.083,200,48,"Texas","TX","Repub",0.4845124541,0.835469157757392,0.26714005916417,0.116268432086265,TRUE,FALSE,"Austin",12420,1,1,0.511
"235",49,10,0.45,0.083,200,48,"Texas","TX","Repub",0.4845124541,0.835469157757392,0.26714005916417,0.116268432086265,TRUE,FALSE,"Houston",26420,1,1,0.511
"236",49,11,0.591,0.354,200,48,"Texas","TX","Repub",0.7381976958,1.35819664167362,0.40814005916417,0.387268432086265,TRUE,FALSE,"Dallas",19100,1,1,0.511
"237",49,12,0.392,0.229,200,48,"Texas","TX","Repub",0.4872211083,0.841050436294831,0.20914005916417,0.262268432086265,TRUE,FALSE,"Dallas",19100,1,1,0.511
"238",49,13,0.529,0.307,200,48,"Texas","TX","Repub",0.6566544989,1.19017397760225,0.34614005916417,0.340268432086265,TRUE,FALSE,"Dallas",19100,1,1,0.511
"239",49,14,0.715,0.056,200,48,"Texas","TX","Repub",0.7382855112,1.35837758843577,0.53214005916417,0.0892684320862654,TRUE,FALSE,"Houston",26420,1,1,0.511
"240",49,15,-0.34,0.235,100,48,"Texas","TX","Repub",-0.2422840155,-0.662120876756652,-0.522859940835831,0.268268432086265,FALSE,TRUE,"San Antonio",41700,1,1,0.511
"241",49,17,0.606,0.331,200,48,"Texas","TX","Repub",0.7436340037,1.36939834789554,0.42314005916417,0.364268432086265,TRUE,FALSE,"Austin",12420,1,1,0.511
"242",49,18,-0.458,0.132,100,48,"Texas","TX","Repub",-0.4031127236,-0.993514163032362,-0.64085994083583,0.165268432086265,FALSE,TRUE,"Houston",26420,1,1,0.511
"243",49,20,-0.398,0.018,100,48,"Texas","TX","Repub",-0.3905153714,-0.967556869752764,-0.58085994083583,0.0512684320862654,FALSE,TRUE,"San Antonio",41700,1,1,0.511
"244",49,21,0.425,0.06,200,48,"Texas","TX","Repub",0.449948762,0.764249438055865,0.24214005916417,0.0932684320862654,TRUE,FALSE,"Austin",12420,1,1,0.511
"245",49,21,0.425,0.06,200,48,"Texas","TX","Repub",0.449948762,0.764249438055865,0.24214005916417,0.0932684320862654,TRUE,FALSE,"San Antonio",41700,1,1,0.511
"246",49,22,0.54,0.311,200,48,"Texas","TX","Repub",0.6693177497,1.21626705729631,0.35714005916417,0.344268432086265,TRUE,FALSE,"Houston",26420,1,1,0.511
"247",49,23,-0.216,0.378,100,48,"Texas","TX","Repub",-0.0588227994,-0.284092500941344,-0.39885994083583,0.411268432086265,FALSE,TRUE,"San Antonio",41700,1,1,0.511
"248",49,24,0.602,0.161,200,48,"Texas","TX","Repub",0.6689458447,1.21550073378611,0.41914005916417,0.194268432086265,TRUE,FALSE,"Dallas",19100,1,1,0.511
"249",49,25,0.602,0.138,200,48,"Texas","TX","Repub",0.6593821526,1.19579440528674,0.41914005916417,0.171268432086265,TRUE,FALSE,"Austin",12420,1,1,0.511
"250",49,25,0.602,0.138,200,48,"Texas","TX","Repub",0.6593821526,1.19579440528674,0.41914005916417,0.171268432086265,TRUE,FALSE,"Dallas",19100,1,1,0.511
"251",49,26,0.57,-0.223,200,48,"Texas","TX","Repub",0.4772737679,0.820553586796982,0.387140059164169,-0.189731567913735,TRUE,FALSE,"Dallas",19100,1,1,0.511
"252",49,27,0.547,0.018,200,48,"Texas","TX","Repub",0.5544846286,0.979649317688755,0.36414005916417,0.0512684320862654,TRUE,FALSE,"Austin",12420,1,1,0.511
"253",49,28,-0.226,0.627,100,48,"Texas","TX","Repub",0.0347145629,-0.0913554314942343,-0.40885994083583,0.660268432086265,FALSE,TRUE,"San Antonio",41700,1,1,0.511
"254",49,29,-0.323,0.452,100,48,"Texas","TX","Repub",-0.1350526596,-0.441166845332077,-0.50585994083583,0.485268432086265,FALSE,TRUE,"Houston",26420,1,1,0.511
"255",49,30,-0.486,0.206,100,48,"Texas","TX","Repub",-0.4003425838,-0.987806191224279,-0.66885994083583,0.239268432086265,FALSE,TRUE,"Dallas",19100,1,1,0.511
"256",49,31,0.467,0.604,200,48,"Texas","TX","Repub",0.7181508708,1.31688944413017,0.28414005916417,0.637268432086265,TRUE,FALSE,"Austin",12420,1,1,0.511
"257",49,32,0.586,0.171,200,48,"Texas","TX","Repub",0.6571039717,1.1911001323295,0.40314005916417,0.204268432086265,TRUE,FALSE,"Dallas",19100,1,1,0.511
"258",49,33,-0.407,0.297,100,48,"Texas","TX","Repub",-0.2835036281,-0.747055357919257,-0.58985994083583,0.330268432086265,FALSE,TRUE,"Dallas",19100,1,1,0.511
"259",49,35,-0.402,-0.305,100,48,"Texas","TX","Repub",-0.5288228735,-1.25254440822758,-0.58485994083583,-0.271731567913735,FALSE,TRUE,"Austin",12420,1,1,0.511
"260",49,35,-0.402,-0.305,100,48,"Texas","TX","Repub",-0.5288228735,-1.25254440822758,-0.58485994083583,-0.271731567913735,FALSE,TRUE,"San Antonio",41700,1,1,0.511
"261",49,36,0.899,-0.438,200,48,"Texas","TX","Repub",0.7168740374,1.31425848339281,0.71614005916417,-0.404731567913735,TRUE,FALSE,"Houston",26420,1,1,0.511
"262",40,1,0.422,-0.035,200,51,"Virginia","VA","Repub",0.4074465555,0.676672126440291,0.23914005916417,-0.00173156791373458,TRUE,FALSE,"DC",47900,0,1,0.275
"263",40,5,0.568,0,200,51,"Virginia","VA","Repub",0.568,1.00749822225558,0.385140059164169,0.0332684320862654,TRUE,FALSE,"DC",47900,0,1,0.275
"264",40,6,0.495,-0.004,200,51,"Virginia","VA","Repub",0.4933367492,0.853651932380175,0.31214005916417,0.0292684320862654,TRUE,FALSE,"DC",47900,0,1,0.275
"265",40,7,0.518,0.191,200,51,"Virginia","VA","Repub",0.5974202257,1.06811964608517,0.33514005916417,0.224268432086265,TRUE,FALSE,"DC",47900,0,1,0.275
"266",40,8,-0.302,-0.203,100,51,"Virginia","VA","Repub",-0.3864099781,-0.959097560508699,-0.48485994083583,-0.169731567913735,FALSE,TRUE,"DC",47900,0,1,0.275
"267",40,10,0.284,-0.213,200,51,"Virginia","VA","Repub",0.1954318949,0.239808360357081,0.10114005916417,-0.179731567913735,TRUE,FALSE,"DC",47900,0,1,0.275
"268",40,11,-0.305,-0.023,100,51,"Virginia","VA","Repub",-0.3145636921,-0.811055727023098,-0.48785994083583,0.0102684320862654,FALSE,TRUE,"DC",47900,0,1,0.275
"269",73,1,-0.278,-0.229,100,53,"Washington","WA","None",-0.3732211083,-0.931921424127831,-0.46085994083583,-0.195731567913735,FALSE,TRUE,"Seattle",42660,1,1,-0.352
"270",73,2,-0.365,0.197,100,53,"Washington","WA","None",-0.2830848981,-0.746192549827334,-0.54785994083583,0.230268432086265,FALSE,TRUE,"Seattle",42660,1,1,-0.352
"271",73,6,-0.307,-0.046,100,53,"Washington","WA","None",-0.3261273842,-0.834883126818642,-0.48985994083583,-0.0127315679137346,FALSE,TRUE,"Seattle",42660,1,1,-0.352
"272",73,7,-0.666,-0.197,100,53,"Washington","WA","None",-0.7479151019,-1.70399175506444,-0.84885994083583,-0.163731567913735,FALSE,TRUE,"Seattle",42660,1,1,-0.352
"273",73,8,0.223,-0.16,200,53,"Washington","WA","None",0.156469968,0.1595259210615,0.0401400591641695,-0.126731567913735,TRUE,FALSE,"Seattle",42660,1,1,-0.352
"274",73,9,-0.282,-0.149,100,53,"Washington","WA","None",-0.3439560923,-0.871619815418016,-0.46485994083583,-0.115731567913735,FALSE,TRUE,"Seattle",42660,1,1,-0.352
"275",73,10,-0.316,-0.119,100,53,"Washington","WA","None",-0.3654817113,-0.915974120714639,-0.49885994083583,-0.0857315679137346,FALSE,TRUE,"Seattle",42660,1,1,-0.352
"276",25,1,0.556,-0.25,200,55,"Wisconsin","WI","Repub",0.452046825,0.768572571659295,0.37314005916417,-0.216731567913735,TRUE,FALSE,"Milwaukee",33340,0,1,-0.087
"277",25,4,-0.532,-0.242,100,55,"Wisconsin","WI","Repub",-0.6326266734,-1.46643583832834,-0.71485994083583,-0.208731567913735,FALSE,TRUE,"Milwaukee",33340,0,1,-0.087
"278",25,5,0.646,-0.622,200,55,"Wisconsin","WI","Repub",0.3873645006,0.635292336432016,0.46314005916417,-0.588731567913735,TRUE,FALSE,"Milwaukee",33340,0,1,-0.087
"279",25,6,0.379,-0.367,200,55,"Wisconsin","WI","Repub",0.2263967391,0.303612525668618,0.19614005916417,-0.333731567913735,TRUE,FALSE,"Milwaukee",33340,0,1,-0.087
